mean_red,mean_green,mean_blue,std_red,std_green,std_blue
110.16633757958117,100.10652067294173,97.52117349438262,83.13751407709545,79.68613938799136,78.86088611642008
