ACC,F1-weighted
0.0626712601346695,0.3511628218682904
0.031713898057216694,0.0381963403524056
0.16362557911774878,0.4591485008891022
